exp_id,algorithm,agent_seed,episode,train_reward,train_steps,train_success,epsilon,alpha,elapsed_time_s
cal_F_trans20000,Model Based,42,1,0.2857142857142857,,,,,
cal_F_trans20000,Model Based,42,2,0.21214285714285713,,,,,
cal_F_trans20000,Model Based,42,3,0.14649642857142856,,,,,
cal_F_trans20000,Model Based,42,4,0.09235568267766028,,,,,
cal_F_trans20000,Model Based,42,5,0.11848806555865232,,,,,
cal_F_trans20000,Model Based,42,6,0.10281082238289435,,,,,
cal_F_trans20000,Model Based,42,7,0.0828967641781555,,,,,
cal_F_trans20000,Model Based,42,8,0.0680380251562211,,,,,
cal_F_trans20000,Model Based,42,9,0.056446025149652246,,,,,
cal_F_trans20000,Model Based,42,10,0.04793005439765485,,,,,
cal_F_trans20000,Model Based,42,11,0.05401384560373451,,,,,
cal_F_trans20000,Model Based,42,12,0.04404060051427905,,,,,
cal_F_trans20000,Model Based,42,13,0.040219344249978584,,,,,
cal_F_trans20000,Model Based,42,14,0.03729925051267788,,,,,
cal_F_trans20000,Model Based,42,15,0.042083183540223446,,,,,
cal_F_trans20000,Model Based,42,16,0.028911452994155984,,,,,
cal_F_trans20000,Model Based,42,17,0.026254947571586917,,,,,
cal_F_trans20000,Model Based,42,18,0.02147643074439637,,,,,
cal_F_trans20000,Model Based,42,19,0.01864429044451199,,,,,
cal_F_trans20000,Model Based,42,20,0.01653154239764243,,,,,
cal_F_trans20000,Model Based,42,21,0.016001224000428138,,,,,
cal_F_trans20000,Model Based,42,22,0.01189664789577205,,,,,
cal_F_trans20000,Model Based,42,23,0.01033101544444559,,,,,
cal_F_trans20000,Model Based,42,24,0.02381335684405017,,,,,
cal_F_trans20000,Model Based,42,25,0.0132418582476177,,,,,
cal_F_trans20000,Model Based,42,26,0.007082039003695473,,,,,
cal_F_trans20000,Model Based,42,27,0.012404667817654369,,,,,
cal_F_trans20000,Model Based,42,28,0.007836228491645225,,,,,
cal_F_trans20000,Model Based,42,29,0.005783104111720561,,,,,
cal_F_trans20000,Model Based,42,30,0.0048982791028090444,,,,,
cal_F_trans20000,Model Based,42,31,0.0019204575730255025,,,,,
cal_F_trans20000,Model Based,42,32,0.014838802571042642,,,,,
cal_F_trans20000,Model Based,42,33,0.011727792725289787,,,,,
cal_F_trans20000,Model Based,42,34,0.006235527295807675,,,,,
cal_F_trans20000,Model Based,42,35,0.013624126944238257,,,,,
cal_F_trans20000,Model Based,42,36,0.010555649205067574,,,,,
cal_F_trans20000,Model Based,42,37,0.0063331731544348235,,,,,
cal_F_trans20000,Model Based,42,38,0.005066382003421022,,,,,
cal_F_trans20000,Model Based,42,39,0.010420814202372619,,,,,
cal_F_trans20000,Model Based,42,40,0.01993012061696353,,,,,
cal_F_trans20000,Model Based,42,41,0.007085290234200237,,,,,
cal_F_trans20000,Model Based,42,42,0.0037900526208460295,,,,,
cal_F_trans20000,Model Based,42,43,0.0034972666429804455,,,,,
cal_F_trans20000,Model Based,42,44,0.00608496767616884,,,,,
cal_F_trans20000,Model Based,42,45,0.011764895716843027,,,,,
cal_F_trans20000,Model Based,42,46,0.0032107295001053138,,,,,
cal_F_trans20000,Model Based,42,47,0.008436924527683853,,,,,
cal_F_trans20000,Model Based,42,48,0.003316187426573247,,,,,
cal_F_trans20000,Model Based,42,49,0.016265980651814838,,,,,
cal_F_trans20000,Model Based,42,50,0.003373438759062819,,,,,
cal_F_trans20000,Model Based,42,51,0.002200456263522388,,,,,
cal_F_trans20000,Model Based,42,52,0.007723258055101989,,,,,
cal_F_trans20000,Model Based,42,53,0.003917405813495312,,,,,
cal_F_trans20000,Model Based,42,54,0.0029905732431056986,,,,,
cal_F_trans20000,Model Based,42,55,0.00599969037535919,,,,,
cal_F_trans20000,Model Based,42,56,0.007850626055109333,,,,,
cal_F_trans20000,Model Based,42,57,0.0028895067477979763,,,,,
cal_F_trans20000,Model Based,42,58,0.0021519143045380384,,,,,
cal_F_trans20000,Model Based,42,59,0.005789265397261101,,,,,
cal_F_trans20000,Model Based,42,60,0.002412558320959768,,,,,
cal_F_trans20000,Model Based,42,61,0.001854264089007962,,,,,
cal_F_trans20000,Model Based,42,62,0.001669055110535611,,,,,
cal_F_trans20000,Model Based,42,63,0.0029808079969204093,,,,,
cal_F_trans20000,Model Based,42,64,0.001607383132172624,,,,,
cal_F_trans20000,Model Based,42,65,0.001552284338678822,,,,,
cal_F_trans20000,Model Based,42,66,0.009098340311682662,,,,,
cal_F_trans20000,Model Based,42,67,0.0035233193261975937,,,,,
cal_F_trans20000,Model Based,42,68,0.010419618090942717,,,,,
cal_F_trans20000,Model Based,42,69,0.01071139759336509,,,,,
cal_F_trans20000,Model Based,42,70,0.005548257035835835,,,,,
cal_F_trans20000,Model Based,42,71,0.010022952076608638,,,,,
cal_F_trans20000,Model Based,42,72,0.004229879882287735,,,,,
cal_F_trans20000,Model Based,42,73,0.002977084207404612,,,,,
cal_F_trans20000,Model Based,42,74,0.0055969292012753025,,,,,
cal_F_trans20000,Model Based,42,75,0.004288920654876516,,,,,
cal_F_trans20000,Model Based,42,76,0.003029919184622587,,,,,
cal_F_trans20000,Model Based,42,77,0.011842598525148018,,,,,
cal_F_trans20000,Model Based,42,78,0.003041991280713696,,,,,
cal_F_trans20000,Model Based,42,79,0.0019070749102788054,,,,,
cal_F_trans20000,Model Based,42,80,0.0018142269239858066,,,,,
cal_F_trans20000,Model Based,42,81,0.0016570841814462778,,,,,
cal_F_trans20000,Model Based,42,82,0.0029043703756343464,,,,,
cal_F_trans20000,Model Based,42,83,0.0063941655221316784,,,,,
cal_F_trans20000,Model Based,42,84,0.007093132154526949,,,,,
cal_F_trans20000,Model Based,42,85,0.008304394630343936,,,,,
cal_F_trans20000,Model Based,42,86,0.005441504202969072,,,,,
cal_F_trans20000,Model Based,42,87,0.004196115604447548,,,,,
cal_F_trans20000,Model Based,42,88,0.012177907241664232,,,,,
cal_F_trans20000,Model Based,42,89,0.0028903007263257896,,,,,
cal_F_trans20000,Model Based,42,90,0.0018526314364288865,,,,,
cal_F_trans20000,Model Based,42,91,0.003262608710171533,,,,,
cal_F_trans20000,Model Based,42,92,0.004983758871931532,,,,,
cal_F_trans20000,Model Based,42,93,0.013886129143948045,,,,,
cal_F_trans20000,Model Based,42,94,0.01309968085413915,,,,,
cal_F_trans20000,Model Based,42,95,0.00893921097278555,,,,,
cal_F_trans20000,Model Based,42,96,0.005910153532177276,,,,,
cal_F_trans20000,Model Based,42,97,0.004158464940640871,,,,,
cal_F_trans20000,Model Based,42,98,0.0035546163910713524,,,,,
cal_F_trans20000,Model Based,42,99,0.006389384069756254,,,,,
cal_F_trans20000,Model Based,42,100,0.004405293742947181,,,,,
cal_F_trans20000,Model Based,42,101,0.0013380274902985434,,,,,
cal_F_trans20000,Model Based,42,102,0.0038971427951628446,,,,,
cal_F_trans20000,Model Based,42,103,0.003459826378969244,,,,,
cal_F_trans20000,Model Based,42,104,0.004269281492098931,,,,,
cal_F_trans20000,Model Based,42,105,0.00933651691182591,,,,,
cal_F_trans20000,Model Based,42,106,0.01060561528135584,,,,,
cal_F_trans20000,Model Based,42,107,0.00481194502650073,,,,,
cal_F_trans20000,Model Based,42,108,0.003792535901397165,,,,,
cal_F_trans20000,Model Based,42,109,0.0028851655937971454,,,,,
cal_F_trans20000,Model Based,42,110,0.003398637559001494,,,,,
cal_F_trans20000,Model Based,42,111,0.0016861717616768468,,,,,
cal_F_trans20000,Model Based,42,112,0.00429533491656553,,,,,
cal_F_trans20000,Model Based,42,113,0.006368073343722247,,,,,
cal_F_trans20000,Model Based,42,114,0.003105939238945976,,,,,
cal_F_trans20000,Model Based,42,115,0.003366697529914031,,,,,
cal_F_trans20000,Model Based,42,116,0.002220776092659804,,,,,
cal_F_trans20000,Model Based,42,117,0.0014762087740893826,,,,,
cal_F_trans20000,Model Based,42,118,0.009422928457330615,,,,,
cal_F_trans20000,Model Based,42,119,0.015132406212339244,,,,,
cal_F_trans20000,Model Based,42,120,0.00621711571952932,,,,,
cal_F_trans20000,Model Based,42,121,0.003763587917471334,,,,,
cal_F_trans20000,Model Based,42,122,0.003014268691561739,,,,,
cal_F_trans20000,Model Based,42,123,0.002082803270816447,,,,,
cal_F_trans20000,Model Based,42,124,0.0016857529173059937,,,,,
cal_F_trans20000,Model Based,42,125,0.0018102075398108153,,,,,
cal_F_trans20000,Model Based,42,126,0.001590587651779607,,,,,
cal_F_trans20000,Model Based,42,127,0.003822174347138274,,,,,
cal_F_trans20000,Model Based,42,128,0.0021288445702823955,,,,,
cal_F_trans20000,Model Based,42,129,0.006151796151627198,,,,,
cal_F_trans20000,Model Based,42,130,0.0033807023662365543,,,,,
cal_F_trans20000,Model Based,42,131,0.0025538455676874516,,,,,
cal_F_trans20000,Model Based,42,132,0.002316933572950264,,,,,
cal_F_trans20000,Model Based,42,133,0.0017441522254630915,,,,,
cal_F_trans20000,Model Based,42,134,0.0016296151694912275,,,,,
cal_F_trans20000,Model Based,42,135,0.0015782380078107061,,,,,
cal_F_trans20000,Model Based,42,136,0.0016014926038349087,,,,,
cal_F_trans20000,Model Based,42,137,0.001478976258182052,,,,,
cal_F_trans20000,Model Based,42,138,0.0013942632282747391,,,,,
cal_F_trans20000,Model Based,42,139,0.0033165943473222326,,,,,
cal_F_trans20000,Model Based,42,140,0.0016021481549512995,,,,,
cal_F_trans20000,Model Based,42,141,0.0011751915323849893,,,,,
cal_F_trans20000,Model Based,42,142,0.0011230840114165863,,,,,
cal_F_trans20000,Model Based,42,143,0.0009504919666560863,,,,,
cal_F_trans20000,Model Based,42,144,0.003279966641402121,,,,,
cal_F_trans20000,Model Based,42,145,0.0110363195135591,,,,,
cal_F_trans20000,Model Based,42,146,0.005787718193837832,,,,,
cal_F_trans20000,Model Based,42,147,0.0035737101409256677,,,,,
cal_F_trans20000,Model Based,42,148,0.0017403097523995825,,,,,
cal_F_trans20000,Model Based,42,149,0.0029695018882264224,,,,,
cal_F_trans20000,Model Based,42,150,0.0010978293238756986,,,,,
cal_F_trans20000,Model Based,42,151,0.0009226092577141465,,,,,
cal_F_trans20000,Model Based,42,152,0.0031134175652400287,,,,,
cal_F_trans20000,Model Based,42,153,0.006688838499042893,,,,,
cal_F_trans20000,Model Based,42,154,0.002724803564395195,,,,,
cal_F_trans20000,Model Based,42,155,0.0018036981687384879,,,,,
cal_F_trans20000,Model Based,42,156,0.0014908892267430085,,,,,
cal_F_trans20000,Model Based,42,157,0.0029516850109193027,,,,,
cal_F_trans20000,Model Based,42,158,0.0027179783570653315,,,,,
cal_F_trans20000,Model Based,42,159,0.005252975552520134,,,,,
cal_F_trans20000,Model Based,42,160,0.007002101177427056,,,,,
cal_F_trans20000,Model Based,42,161,0.0028998565265305754,,,,,
cal_F_trans20000,Model Based,42,162,0.00462057580078179,,,,,
cal_F_trans20000,Model Based,42,163,0.002407867529817309,,,,,
cal_F_trans20000,Model Based,42,164,0.0015280819853399352,,,,,
cal_F_trans20000,Model Based,42,165,0.0008013792256015284,,,,,
cal_F_trans20000,Model Based,42,166,0.0007280689156663467,,,,,
cal_F_trans20000,Model Based,42,167,0.002777328609489982,,,,,
cal_F_trans20000,Model Based,42,168,0.000933716493691894,,,,,
cal_F_trans20000,Model Based,42,169,0.0009337813958025243,,,,,
cal_F_trans20000,Model Based,42,170,0.0008343155502888999,,,,,
cal_F_trans20000,Model Based,42,171,0.00286783875349228,,,,,
cal_F_trans20000,Model Based,42,172,0.0013671992613150108,,,,,
cal_F_trans20000,Model Based,42,173,0.004932675408473974,,,,,
cal_F_trans20000,Model Based,42,174,0.004365965757575863,,,,,
cal_F_trans20000,Model Based,42,175,0.0012520490224801062,,,,,
cal_F_trans20000,Model Based,42,176,0.005204623557156174,,,,,
cal_F_trans20000,Model Based,42,177,0.0012267767364013693,,,,,
cal_F_trans20000,Model Based,42,178,0.005699117473071391,,,,,
cal_F_trans20000,Model Based,42,179,0.0026818637869892026,,,,,
cal_F_trans20000,Model Based,42,180,0.0019786398407741768,,,,,
cal_F_trans20000,Model Based,42,181,0.0024996461675090287,,,,,
cal_F_trans20000,Model Based,42,182,0.004500331177387906,,,,,
cal_F_trans20000,Model Based,42,183,0.006108504146513816,,,,,
cal_F_trans20000,Model Based,42,184,0.0038855053132844652,,,,,
cal_F_trans20000,Model Based,42,185,0.004222832771021534,,,,,
cal_F_trans20000,Model Based,42,186,0.003163373388533175,,,,,
cal_F_trans20000,Model Based,42,187,0.004574968502626842,,,,,
cal_F_trans20000,Model Based,42,188,0.0023771174816117346,,,,,
cal_F_trans20000,Model Based,42,189,0.003980823997113303,,,,,
cal_F_trans20000,Model Based,42,190,0.004299940145417791,,,,,
cal_F_trans20000,Model Based,123,1,0.0,,,,,
cal_F_trans20000,Model Based,7,1,0.3333333333333333,,,,,
cal_F_trans20000,Model Based,7,2,0.10999999999999999,,,,,
cal_F_trans20000,Model Based,7,3,0.13481984999999996,,,,,
cal_F_trans20000,Model Based,7,4,0.11870765775,,,,,
cal_F_trans20000,Model Based,7,5,0.18665467511272943,,,,,
cal_F_trans20000,Model Based,7,6,0.08683019191208291,,,,,
cal_F_trans20000,Model Based,7,7,0.0578480110694265,,,,,
cal_F_trans20000,Model Based,7,8,0.030970630847505565,,,,,
cal_F_trans20000,Model Based,7,9,0.02459874750029009,,,,,
cal_F_trans20000,Model Based,7,10,0.02338932096579502,,,,,
cal_F_trans20000,Model Based,7,11,0.023710198773864155,,,,,
cal_F_trans20000,Model Based,7,12,0.019468209984540255,,,,,
cal_F_trans20000,Model Based,7,13,0.058967553925342475,,,,,
cal_F_trans20000,Model Based,7,14,0.03179894000340644,,,,,
cal_F_trans20000,Model Based,7,15,0.059171802664984674,,,,,
cal_F_trans20000,Model Based,7,16,0.03470484621313388,,,,,
cal_F_trans20000,Model Based,7,17,0.018413814611025314,,,,,
cal_F_trans20000,Model Based,7,18,0.013817755755324512,,,,,
cal_F_trans20000,Model Based,7,19,0.011117432384919274,,,,,
cal_F_trans20000,Model Based,7,20,0.016310501785815112,,,,,
cal_F_trans20000,Model Based,7,21,0.011553666149405672,,,,,
cal_F_trans20000,Model Based,7,22,0.02974315788578505,,,,,
cal_F_trans20000,Model Based,7,23,0.01728302521420183,,,,,
cal_F_trans20000,Model Based,7,24,0.012229202930150784,,,,,
cal_F_trans20000,Model Based,7,25,0.01483632631117332,,,,,
cal_F_trans20000,Model Based,7,26,0.029791052627478665,,,,,
cal_F_trans20000,Model Based,7,27,0.026761653656664608,,,,,
cal_F_trans20000,Model Based,7,28,0.01020997160232262,,,,,
cal_F_trans20000,Model Based,7,29,0.007368364765950264,,,,,
cal_F_trans20000,Model Based,7,30,0.006590860185392677,,,,,
cal_F_trans20000,Model Based,7,31,0.006526878125964808,,,,,
cal_F_trans20000,Model Based,7,32,0.0055158019636897815,,,,,
cal_F_trans20000,Model Based,7,33,0.004454577383447622,,,,,
cal_F_trans20000,Model Based,7,34,0.0038696562157968795,,,,,
cal_F_trans20000,Model Based,7,35,0.004096646403964566,,,,,
cal_F_trans20000,Model Based,7,36,0.008278387930468256,,,,,
cal_F_trans20000,Model Based,7,37,0.03641798336592994,,,,,
cal_F_trans20000,Model Based,7,38,0.015073765963345531,,,,,
cal_F_trans20000,Model Based,7,39,0.009615035145491002,,,,,
cal_F_trans20000,Model Based,7,40,0.010970668615642776,,,,,
cal_F_trans20000,Model Based,7,41,0.0046715717985406635,,,,,
cal_F_trans20000,Model Based,7,42,0.008970391104203612,,,,,
cal_F_trans20000,Model Based,7,43,0.014603037880702496,,,,,
cal_F_trans20000,Model Based,7,44,0.0023996494642662403,,,,,
cal_F_trans20000,Model Based,7,45,0.009414121116531948,,,,,
cal_F_trans20000,Model Based,7,46,0.007961765263552745,,,,,
cal_F_trans20000,Model Based,7,47,0.0030986281756652523,,,,,
cal_F_trans20000,Model Based,7,48,0.0021564846893488143,,,,,
cal_F_trans20000,Model Based,7,49,0.001978066821018809,,,,,
cal_F_trans20000,Model Based,7,50,0.006453396104072473,,,,,
cal_F_trans20000,Model Based,7,51,0.015581308002756478,,,,,
cal_F_trans20000,Model Based,7,52,0.005542154512188424,,,,,
cal_F_trans20000,Model Based,7,53,0.007861822513988648,,,,,
cal_F_trans20000,Model Based,7,54,0.004270100453627135,,,,,
cal_F_trans20000,Model Based,7,55,0.0018360007490536567,,,,,
cal_F_trans20000,Model Based,7,56,0.002478107053505152,,,,,
cal_F_trans20000,Model Based,7,57,0.0014468846377452271,,,,,
cal_F_trans20000,Model Based,7,58,0.009373784980573285,,,,,
cal_F_trans20000,Model Based,7,59,0.0033717141055163435,,,,,
cal_F_trans20000,Model Based,7,60,0.007340288906828418,,,,,
cal_F_trans20000,Model Based,7,61,0.009968943277200992,,,,,
cal_F_trans20000,Model Based,7,62,0.0007892416725638896,,,,,
cal_F_trans20000,Model Based,7,63,0.006758646718874606,,,,,
cal_F_trans20000,Model Based,7,64,0.0022599681206372235,,,,,
cal_F_trans20000,Model Based,7,65,0.0012984647587412912,,,,,
cal_F_trans20000,Model Based,7,66,0.000812099297093416,,,,,
cal_F_trans20000,Model Based,7,67,0.006807162816994894,,,,,
cal_F_trans20000,Model Based,7,68,0.002014353738287067,,,,,
cal_F_trans20000,Model Based,7,69,0.006679001597708678,,,,,
cal_F_trans20000,Model Based,7,70,0.006872476790051207,,,,,
cal_F_trans20000,Model Based,7,71,0.001286505412970984,,,,,
cal_F_trans20000,Model Based,7,72,0.006055456028422057,,,,,
cal_F_trans20000,Model Based,7,73,0.00612235199115907,,,,,
cal_F_trans20000,Model Based,7,74,0.0038870899233481304,,,,,
cal_F_trans20000,Model Based,7,75,0.0038614670457801092,,,,,
cal_F_trans20000,Model Based,7,76,0.011668558386623396,,,,,
cal_F_trans20000,Model Based,7,77,0.007145713796090858,,,,,
cal_F_trans20000,Model Based,7,78,0.0026752347968390655,,,,,
cal_F_trans20000,Model Based,7,79,0.0015861442753053456,,,,,
cal_F_trans20000,Model Based,7,80,0.0008952375749374797,,,,,
cal_F_trans20000,Model Based,7,81,0.01553208325955202,,,,,
cal_F_trans20000,Model Based,7,82,0.003407553219964221,,,,,
cal_F_trans20000,Model Based,7,83,0.003860486849693645,,,,,
cal_F_trans20000,Model Based,7,84,0.0008401751848785555,,,,,
cal_F_trans20000,Model Based,7,85,0.008794999843040663,,,,,
cal_F_trans20000,Model Based,7,86,0.003281151433736973,,,,,
cal_F_trans20000,Model Based,7,87,0.0061214472793665875,,,,,
cal_F_trans20000,Model Based,7,88,0.001849015815184929,,,,,
cal_F_trans20000,Model Based,7,89,0.0031885377150111527,,,,,
cal_F_trans20000,Model Based,7,90,0.006192497545570053,,,,,
cal_F_trans20000,Model Based,7,91,0.006677374899883515,,,,,
cal_F_trans20000,Model Based,7,92,0.0024784797107701984,,,,,
cal_F_trans20000,Model Based,7,93,0.008609349480655837,,,,,
cal_F_trans20000,Model Based,7,94,0.004628804696771072,,,,,
cal_F_trans20000,Model Based,7,95,0.002801161498908966,,,,,
cal_F_trans20000,Model Based,7,96,0.0022610232431733435,,,,,
cal_F_trans20000,Model Based,7,97,0.0013581101004357388,,,,,
cal_F_trans20000,Model Based,7,98,0.0007202148530184305,,,,,
cal_F_trans20000,Model Based,7,99,0.0014016001474435602,,,,,
cal_F_trans20000,Model Based,7,100,0.0017424784192314746,,,,,
cal_F_trans20000,Model Based,7,101,0.0007527182239470687,,,,,
cal_F_trans20000,Model Based,7,102,0.0023784826061707953,,,,,
cal_F_trans20000,Model Based,7,103,0.006770780588681746,,,,,
cal_F_trans20000,Model Based,7,104,0.004524918194527494,,,,,
cal_F_trans20000,Model Based,7,105,0.007425254189951047,,,,,
cal_F_trans20000,Model Based,7,106,0.0022090482850586346,,,,,
cal_F_trans20000,Model Based,7,107,0.001623688613220875,,,,,
cal_F_trans20000,Model Based,7,108,0.00139319561596285,,,,,
cal_F_trans20000,Model Based,7,109,0.010818212034545693,,,,,
cal_F_trans20000,Model Based,7,110,0.013156932201296656,,,,,
cal_F_trans20000,Model Based,7,111,0.005825030194685055,,,,,
cal_F_trans20000,Model Based,7,112,0.003956994921595736,,,,,
cal_F_trans20000,Model Based,7,113,0.002808790647160553,,,,,
cal_F_trans20000,Model Based,7,114,0.0022670558654689366,,,,,
cal_F_trans20000,Model Based,7,115,0.006777651899473547,,,,,
cal_F_trans20000,Model Based,7,116,0.0016075282138981462,,,,,
cal_F_trans20000,Model Based,7,117,0.0013761863563302446,,,,,
cal_F_trans20000,Model Based,7,118,0.008116630435736738,,,,,
cal_F_trans20000,Model Based,7,119,0.010271123084962919,,,,,
cal_F_trans20000,Model Based,7,120,0.005616692015979363,,,,,
cal_F_trans20000,Model Based,7,121,0.0052708622130781535,,,,,
cal_F_trans20000,Model Based,7,122,0.007933998496897021,,,,,
cal_F_trans20000,Model Based,7,123,0.005649971478689064,,,,,
cal_F_trans20000,Model Based,7,124,0.004754912949703205,,,,,
cal_F_trans20000,Model Based,7,125,0.004901132113950657,,,,,
cal_F_trans20000,Model Based,7,126,0.004721269614226364,,,,,
cal_F_trans20000,Model Based,7,127,0.0028967313741753986,,,,,
cal_F_trans20000,Model Based,7,128,0.002561273267379205,,,,,
cal_F_trans20000,Model Based,7,129,0.002519967372078269,,,,,
cal_F_trans20000,Model Based,7,130,0.010223547664500954,,,,,
cal_F_trans20000,Model Based,7,131,0.006311142590901264,,,,,
cal_F_trans20000,Model Based,7,132,0.002954243774706544,,,,,
cal_F_trans20000,Model Based,7,133,0.0022161136578551233,,,,,
cal_F_trans20000,Model Based,7,134,0.003103772916308589,,,,,
cal_F_trans20000,Model Based,7,135,0.010603774927241183,,,,,
cal_F_trans20000,Model Based,7,136,0.004874704808211394,,,,,
cal_F_trans20000,Model Based,7,137,0.003199540145294888,,,,,
cal_F_trans20000,Model Based,7,138,0.0034010002517600446,,,,,
cal_F_trans20000,Model Based,7,139,0.0026247701147062985,,,,,
cal_F_trans20000,Model Based,7,140,0.0020835666939176267,,,,,
cal_F_trans20000,Model Based,7,141,0.0027155759931864476,,,,,
cal_F_trans20000,Model Based,7,142,0.0036998702599642663,,,,,
cal_F_trans20000,Model Based,7,143,0.0017918532107887852,,,,,
cal_F_trans20000,Model Based,7,144,0.00322417446401313,,,,,
cal_F_trans20000,Model Based,7,145,0.006870983200870595,,,,,
cal_F_trans20000,Model Based,7,146,0.0015541484480972034,,,,,
cal_F_trans20000,Model Based,7,147,0.001472607188327757,,,,,
cal_F_trans20000,Model Based,7,148,0.002066575325307074,,,,,
cal_F_trans20000,Model Based,7,149,0.0014612308039304578,,,,,
cal_F_trans20000,Model Based,7,150,0.006777207323560519,,,,,
cal_F_trans20000,Model Based,7,151,0.0058901296653999236,,,,,
cal_F_trans20000,Model Based,7,152,0.005641243116658146,,,,,
cal_F_trans20000,Model Based,7,153,0.00376875005612487,,,,,
cal_F_trans20000,Model Based,7,154,0.00630328155354265,,,,,
cal_F_trans20000,Model Based,7,155,0.007933462760245646,,,,,
cal_F_trans20000,Model Based,7,156,0.0038208527588186048,,,,,
cal_F_trans20000,Model Based,7,157,0.003000398393454562,,,,,
cal_F_trans20000,Model Based,7,158,0.0023089934022739733,,,,,
cal_F_trans20000,Model Based,7,159,0.0017367672997138373,,,,,
cal_F_trans20000,Model Based,7,160,0.001346325525965253,,,,,
cal_F_trans20000,Model Based,7,161,0.0011445740312272523,,,,,
cal_F_trans20000,Model Based,7,162,0.009147143323471996,,,,,
cal_F_trans20000,Model Based,7,163,0.01014798746140999,,,,,
cal_F_trans20000,Model Based,7,164,0.005475915107455487,,,,,
cal_F_trans20000,Model Based,7,165,0.004758204612286154,,,,,
cal_F_trans20000,Model Based,7,166,0.0019124611832667116,,,,,
cal_F_trans20000,Model Based,7,167,0.0041578339413318455,,,,,
cal_F_trans20000,Model Based,7,168,0.003997098277920386,,,,,
cal_F_trans20000,Model Based,7,169,0.0013442960920598823,,,,,
cal_F_trans20000,Model Based,7,170,0.001200039112349005,,,,,
cal_F_trans20000,Model Based,7,171,0.0009715069880356086,,,,,
cal_F_trans20000,Model Based,7,172,0.0007728484519871071,,,,,
cal_F_trans20000,Model Based,7,173,0.006184365700678818,,,,,
cal_F_trans20000,Model Based,7,174,0.003158226853450019,,,,,
cal_F_trans20000,Model Based,7,175,0.003384654189854286,,,,,
cal_F_trans20000,Model Based,7,176,0.002950517858488544,,,,,
cal_F_trans20000,Model Based,7,177,0.0015837261656437285,,,,,
cal_F_trans20000,Model Based,7,178,0.003113978978256382,,,,,
cal_F_trans20000,Model Based,7,179,0.0009864940829972246,,,,,
cal_F_trans20000,Model Based,7,180,0.0008268211784198121,,,,,
cal_F_trans20000,Model Based,7,181,0.0007414904123912436,,,,,
cal_F_trans20000,Model Based,7,182,0.000725942001984059,,,,,
cal_F_trans20000,Model Based,7,183,0.0034651012054438546,,,,,
cal_F_trans20000,Model Based,7,184,0.004350434807295467,,,,,
cal_F_trans20000,Model Based,7,185,0.004088922337325163,,,,,
cal_F_trans20000,Model Based,7,186,0.002037048241523398,,,,,
cal_F_trans20000,Model Based,7,187,0.003551431965171936,,,,,
cal_F_trans20000,Model Based,7,188,0.0022166987595360066,,,,,
cal_F_trans20000,Model Based,7,189,0.0021262463442138224,,,,,
cal_F_trans20000,Model Based,7,190,0.00546808609763394,,,,,
cal_F_trans20000,Model Based,256,1,1.0,,,,,
cal_F_trans20000,Model Based,256,2,0.99,,,,,
cal_F_trans20000,Model Based,256,3,0.5308875,,,,,
cal_F_trans20000,Model Based,256,4,0.22571194222500002,,,,,
cal_F_trans20000,Model Based,256,5,0.081191925045,,,,,
cal_F_trans20000,Model Based,256,6,0.0465420397896783,,,,,
cal_F_trans20000,Model Based,256,7,0.04460177468370585,,,,,
cal_F_trans20000,Model Based,256,8,0.041079529141812954,,,,,
cal_F_trans20000,Model Based,256,9,0.14776591063359523,,,,,
cal_F_trans20000,Model Based,256,10,0.08746373715783451,,,,,
cal_F_trans20000,Model Based,256,11,0.109166592647019,,,,,
cal_F_trans20000,Model Based,256,12,0.0527591414062476,,,,,
cal_F_trans20000,Model Based,256,13,0.05185275156411029,,,,,
cal_F_trans20000,Model Based,256,14,0.07170430001226646,,,,,
cal_F_trans20000,Model Based,256,15,0.09659304935097746,,,,,
cal_F_trans20000,Model Based,256,16,0.07740772645616495,,,,,
cal_F_trans20000,Model Based,256,17,0.04847293182255008,,,,,
cal_F_trans20000,Model Based,256,18,0.023568017487283988,,,,,
cal_F_trans20000,Model Based,256,19,0.010718294643333182,,,,,
cal_F_trans20000,Model Based,256,20,0.011514360016775249,,,,,
cal_F_trans20000,Model Based,256,21,0.004834591381981168,,,,,
cal_F_trans20000,Model Based,256,22,0.0036826357282416233,,,,,
cal_F_trans20000,Model Based,256,23,0.002746780004566629,,,,,
cal_F_trans20000,Model Based,256,24,0.02431168321679067,,,,,
cal_F_trans20000,Model Based,256,25,0.010974775516789936,,,,,
cal_F_trans20000,Model Based,256,26,0.003442272425524251,,,,,
cal_F_trans20000,Model Based,256,27,0.002333781103955379,,,,,
cal_F_trans20000,Model Based,256,28,0.02150502102524532,,,,,
cal_F_trans20000,Model Based,256,29,0.012742827593603956,,,,,
cal_F_trans20000,Model Based,256,30,0.007398138905655882,,,,,
cal_F_trans20000,Model Based,256,31,0.015261599773616852,,,,,
cal_F_trans20000,Model Based,256,32,0.004529373014027338,,,,,
cal_F_trans20000,Model Based,256,33,0.0019900368313405803,,,,,
cal_F_trans20000,Model Based,256,34,0.007793568860971545,,,,,
cal_F_trans20000,Model Based,256,35,0.002241854850251135,,,,,
cal_F_trans20000,Model Based,256,36,0.06262069588927233,,,,,
cal_F_trans20000,Model Based,256,37,0.01879448817072299,,,,,
cal_F_trans20000,Model Based,256,38,0.013962229087349176,,,,,
cal_F_trans20000,Model Based,256,39,0.009503325916164762,,,,,
cal_F_trans20000,Model Based,256,40,0.004063831800467321,,,,,
cal_F_trans20000,Model Based,256,41,0.0024048420768632006,,,,,
cal_F_trans20000,Model Based,256,42,0.002303105193207561,,,,,
cal_F_trans20000,Model Based,256,43,0.005899399063595545,,,,,
cal_F_trans20000,Model Based,256,44,0.007092598303579056,,,,,
cal_F_trans20000,Model Based,256,45,0.0022682289661657418,,,,,
cal_F_trans20000,Model Based,256,46,0.008345903478380379,,,,,
cal_F_trans20000,Model Based,256,47,0.0016340237100044286,,,,,
cal_F_trans20000,Model Based,256,48,0.03203268296276118,,,,,
cal_F_trans20000,Model Based,256,49,0.009329218739934975,,,,,
cal_F_trans20000,Model Based,256,50,0.0036792151687305708,,,,,
cal_F_trans20000,Model Based,256,51,0.001581095702447577,,,,,
cal_F_trans20000,Model Based,256,52,0.0018773888826257856,,,,,
cal_F_trans20000,Model Based,256,53,0.007282492142302255,,,,,
cal_F_trans20000,Model Based,256,54,0.018446120322946014,,,,,
cal_F_trans20000,Model Based,256,55,0.04587689592550115,,,,,
cal_F_trans20000,Model Based,256,56,0.01223938090601745,,,,,
cal_F_trans20000,Model Based,256,57,0.005759912044596249,,,,,
cal_F_trans20000,Model Based,256,58,0.016222748340261495,,,,,
cal_F_trans20000,Model Based,256,59,0.020612813631072868,,,,,
cal_F_trans20000,Model Based,256,60,0.009363761387480074,,,,,
cal_F_trans20000,Model Based,256,61,0.016309519023227692,,,,,
cal_F_trans20000,Model Based,256,62,0.008931331901815387,,,,,
cal_F_trans20000,Model Based,256,63,0.008177710278706563,,,,,
cal_F_trans20000,Model Based,256,64,0.013871514052329448,,,,,
cal_F_trans20000,Model Based,256,65,0.016216130760231207,,,,,
cal_F_trans20000,Model Based,256,66,0.008497116980178077,,,,,
cal_F_trans20000,Model Based,256,67,0.006304370790101155,,,,,
cal_F_trans20000,Model Based,256,68,0.006110152006686742,,,,,
cal_F_trans20000,Model Based,256,69,0.003150894052961206,,,,,
cal_F_trans20000,Model Based,256,70,0.002414104744581591,,,,,
cal_F_trans20000,Model Based,256,71,0.0021619590489495577,,,,,
cal_F_trans20000,Model Based,256,72,0.010887980744893055,,,,,
cal_F_trans20000,Model Based,256,73,0.00477933226937971,,,,,
cal_F_trans20000,Model Based,256,74,0.008855130662633881,,,,,
cal_F_trans20000,Model Based,256,75,0.020042394237397065,,,,,
cal_F_trans20000,Model Based,256,76,0.008041284164458928,,,,,
cal_F_trans20000,Model Based,256,77,0.019153236462807532,,,,,
cal_F_trans20000,Model Based,256,78,0.014136860763786119,,,,,
cal_F_trans20000,Model Based,256,79,0.009219674462101257,,,,,
cal_F_trans20000,Model Based,256,80,0.006835514593564129,,,,,
cal_F_trans20000,Model Based,256,81,0.005109157227069339,,,,,
cal_F_trans20000,Model Based,256,82,0.005117622110475839,,,,,
cal_F_trans20000,Model Based,256,83,0.01740214034677834,,,,,
cal_F_trans20000,Model Based,256,84,0.008011347038792083,,,,,
cal_F_trans20000,Model Based,256,85,0.004524598250872536,,,,,
cal_F_trans20000,Model Based,256,86,0.00756217291862693,,,,,
cal_F_trans20000,Model Based,256,87,0.00718234738460366,,,,,
cal_F_trans20000,Model Based,256,88,0.011430951641342113,,,,,
cal_F_trans20000,Model Based,256,89,0.005664922604885381,,,,,
cal_F_trans20000,Model Based,256,90,0.01032583888178673,,,,,
cal_F_trans20000,Model Based,256,91,0.00490898200636275,,,,,
cal_F_trans20000,Model Based,256,92,0.004105367480877309,,,,,
cal_F_trans20000,Model Based,256,93,0.020385267031963306,,,,,
cal_F_trans20000,Model Based,256,94,0.0037887298473017195,,,,,
cal_F_trans20000,Model Based,256,95,0.00622274471832851,,,,,
cal_F_trans20000,Model Based,256,96,0.010496350881125438,,,,,
cal_F_trans20000,Model Based,256,97,0.0046584325164975016,,,,,
cal_F_trans20000,Model Based,256,98,0.002482302946600512,,,,,
cal_F_trans20000,Model Based,256,99,0.003302929232240792,,,,,
cal_F_trans20000,Model Based,256,100,0.004288787906474245,,,,,
cal_F_trans20000,Model Based,256,101,0.006415200780719443,,,,,
cal_F_trans20000,Model Based,256,102,0.0020616671710838586,,,,,
cal_F_trans20000,Model Based,256,103,0.0017090581260025828,,,,,
cal_F_trans20000,Model Based,256,104,0.008198898521286746,,,,,
cal_F_trans20000,Model Based,256,105,0.0071437520133524335,,,,,
cal_F_trans20000,Model Based,256,106,0.0015561800641974988,,,,,
cal_F_trans20000,Model Based,256,107,0.0029813491609839704,,,,,
cal_F_trans20000,Model Based,256,108,0.0035243060986951402,,,,,
cal_F_trans20000,Model Based,256,109,0.00946141975444681,,,,,
cal_F_trans20000,Model Based,256,110,0.01060233032451996,,,,,
cal_F_trans20000,Model Based,256,111,0.004681612633182952,,,,,
cal_F_trans20000,Model Based,256,112,0.010473195264711688,,,,,
cal_F_trans20000,Model Based,256,113,0.005667194169433953,,,,,
cal_F_trans20000,Model Based,256,114,0.0020166541691741813,,,,,
cal_F_trans20000,Model Based,256,115,0.011086602858304095,,,,,
cal_F_trans20000,Model Based,256,116,0.0058914939782029885,,,,,
cal_F_trans20000,Model Based,256,117,0.00842565251895322,,,,,
cal_F_trans20000,Model Based,256,118,0.012027336518118492,,,,,
cal_F_trans20000,Model Based,256,119,0.007559521009945169,,,,,
cal_F_trans20000,Model Based,256,120,0.005564560148630493,,,,,
cal_F_trans20000,Model Based,256,121,0.003948366959068084,,,,,
cal_F_trans20000,Model Based,256,122,0.003508860871573649,,,,,
cal_F_trans20000,Model Based,256,123,0.005456926639759163,,,,,
cal_F_trans20000,Model Based,256,124,0.0037047787805588595,,,,,
cal_F_trans20000,Model Based,256,125,0.0025311191367248242,,,,,
cal_F_trans20000,Model Based,256,126,0.0024126200189923397,,,,,
cal_F_trans20000,Model Based,256,127,0.002284130305826304,,,,,
cal_F_trans20000,Model Based,256,128,0.00286580715742224,,,,,
cal_F_trans20000,Model Based,256,129,0.0019520936455891813,,,,,
cal_F_trans20000,Model Based,256,130,0.001841551415069087,,,,,
cal_F_trans20000,Model Based,256,131,0.0016963200396527545,,,,,
cal_F_trans20000,Model Based,256,132,0.004748298531942474,,,,,
cal_F_trans20000,Model Based,256,133,0.0027190492407241917,,,,,
cal_F_trans20000,Model Based,256,134,0.0050348407548365115,,,,,
cal_F_trans20000,Model Based,256,135,0.0029149049846803887,,,,,
cal_F_trans20000,Model Based,256,136,0.002333327118292816,,,,,
cal_F_trans20000,Model Based,256,137,0.001821541000795901,,,,,
cal_F_trans20000,Model Based,256,138,0.004361632412294036,,,,,
cal_F_trans20000,Model Based,256,139,0.010825084276086527,,,,,
cal_F_trans20000,Model Based,256,140,0.007293581794841297,,,,,
cal_F_trans20000,Model Based,256,141,0.005380205148089567,,,,,
cal_F_trans20000,Model Based,256,142,0.0025790936195768666,,,,,
cal_F_trans20000,Model Based,256,143,0.0020299055796163534,,,,,
cal_F_trans20000,Model Based,256,144,0.0020503411415435657,,,,,
cal_F_trans20000,Model Based,256,145,0.0023684070380485256,,,,,
cal_F_trans20000,Model Based,256,146,0.00921326867251493,,,,,
cal_F_trans20000,Model Based,256,147,0.007005888570700947,,,,,
cal_F_trans20000,Model Based,256,148,0.0025797850205566686,,,,,
cal_F_trans20000,Model Based,256,149,0.008187732249084867,,,,,
cal_F_trans20000,Model Based,256,150,0.003976980899173199,,,,,
cal_F_trans20000,Model Based,256,151,0.0027421247043649677,,,,,
cal_F_trans20000,Model Based,256,152,0.003915931571998765,,,,,
cal_F_trans20000,Model Based,256,153,0.0038429282810976684,,,,,
cal_F_trans20000,Model Based,256,154,0.0029987914951429273,,,,,
cal_F_trans20000,Model Based,256,155,0.004082693363490653,,,,,
cal_F_trans20000,Model Based,256,156,0.002683920651779248,,,,,
cal_F_trans20000,Model Based,256,157,0.0035556073173532154,,,,,
cal_F_trans20000,Model Based,256,158,0.00237503106195025,,,,,
cal_F_trans20000,Model Based,256,159,0.0022235849087222093,,,,,
cal_F_trans20000,Model Based,256,160,0.007429553016098822,,,,,
cal_F_trans20000,Model Based,256,161,0.004103830802608233,,,,,
cal_F_trans20000,Model Based,256,162,0.009918908546951322,,,,,
cal_F_trans20000,Model Based,256,163,0.005365775504451387,,,,,
cal_F_trans20000,Model Based,256,164,0.00356148671661094,,,,,
cal_F_trans20000,Model Based,256,165,0.002428496201800412,,,,,
cal_F_trans20000,Model Based,256,166,0.0037526103546881018,,,,,
cal_F_trans20000,Model Based,256,167,0.002031252240607073,,,,,
cal_F_trans20000,Model Based,256,168,0.0055758236029996855,,,,,
cal_F_trans20000,Model Based,256,169,0.0034421472369077777,,,,,
cal_F_trans20000,Model Based,256,170,0.0017061624396232933,,,,,
cal_F_trans20000,Model Based,256,171,0.0015587467623840445,,,,,
cal_F_trans20000,Model Based,256,172,0.0035572444352306998,,,,,
cal_F_trans20000,Model Based,256,173,0.0017843451156405177,,,,,
cal_F_trans20000,Model Based,256,174,0.001496024426558662,,,,,
cal_F_trans20000,Model Based,256,175,0.0015248452687184333,,,,,
cal_F_trans20000,Model Based,256,176,0.0036445230150342067,,,,,
cal_F_trans20000,Model Based,256,177,0.0015473939157822358,,,,,
cal_F_trans20000,Model Based,256,178,0.0020963433355319916,,,,,
cal_F_trans20000,Model Based,256,179,0.0036653909721033884,,,,,
cal_F_trans20000,Model Based,256,180,0.0047914042785077715,,,,,
cal_F_trans20000,Model Based,256,181,0.0023863567881522996,,,,,
cal_F_trans20000,Model Based,256,182,0.00398258544454877,,,,,
cal_F_trans20000,Model Based,256,183,0.001958856425687383,,,,,
cal_F_trans20000,Model Based,256,184,0.0016375570086942792,,,,,
cal_F_trans20000,Model Based,256,185,0.0034740585884910358,,,,,
cal_F_trans20000,Model Based,256,186,0.0031652523385889975,,,,,
cal_F_trans20000,Model Based,256,187,0.002774450819901131,,,,,
cal_F_trans20000,Model Based,256,188,0.0027045510393755023,,,,,
cal_F_trans20000,Model Based,256,189,0.005072333454611944,,,,,
cal_F_trans20000,Model Based,256,190,0.003839252801894011,,,,,
cal_F_trans20000,Model Based,999,1,0.6666666666666666,,,,,
cal_F_trans20000,Model Based,999,2,0.32999999999999996,,,,,
cal_F_trans20000,Model Based,999,3,0.20418749999999997,,,,,
cal_F_trans20000,Model Based,999,4,0.1092683826717033,,,,,
cal_F_trans20000,Model Based,999,5,0.08527904591580276,,,,,
cal_F_trans20000,Model Based,999,6,0.06167886552589036,,,,,
cal_F_trans20000,Model Based,999,7,0.0652312702273703,,,,,
cal_F_trans20000,Model Based,999,8,0.07668713393202653,,,,,
cal_F_trans20000,Model Based,999,9,0.0412221025103197,,,,,
cal_F_trans20000,Model Based,999,10,0.038410761572638896,,,,,
cal_F_trans20000,Model Based,999,11,0.03979493137403167,,,,,
cal_F_trans20000,Model Based,999,12,0.034489970811083265,,,,,
cal_F_trans20000,Model Based,999,13,0.04916989719386111,,,,,
cal_F_trans20000,Model Based,999,14,0.021887415070139193,,,,,
cal_F_trans20000,Model Based,999,15,0.018102476094986886,,,,,
cal_F_trans20000,Model Based,999,16,0.023990328679373618,,,,,
cal_F_trans20000,Model Based,999,17,0.014246471261918359,,,,,
cal_F_trans20000,Model Based,999,18,0.03953191338311801,,,,,
cal_F_trans20000,Model Based,999,19,0.01813086363683747,,,,,
cal_F_trans20000,Model Based,999,20,0.015063872741520323,,,,,
cal_F_trans20000,Model Based,999,21,0.017709307198590762,,,,,
cal_F_trans20000,Model Based,999,22,0.010829282382545935,,,,,
cal_F_trans20000,Model Based,999,23,0.00978738089635195,,,,,
cal_F_trans20000,Model Based,999,24,0.011396250623794235,,,,,
cal_F_trans20000,Model Based,999,25,0.015113202948098536,,,,,
cal_F_trans20000,Model Based,999,26,0.037158078784948145,,,,,
cal_F_trans20000,Model Based,999,27,0.015065417216304833,,,,,
cal_F_trans20000,Model Based,999,28,0.017996166280090486,,,,,
cal_F_trans20000,Model Based,999,29,0.010344709659738771,,,,,
cal_F_trans20000,Model Based,999,30,0.023225550390518657,,,,,
cal_F_trans20000,Model Based,999,31,0.008359641795196104,,,,,
cal_F_trans20000,Model Based,999,32,0.00837222472466248,,,,,
cal_F_trans20000,Model Based,999,33,0.007990804250482153,,,,,
cal_F_trans20000,Model Based,999,34,0.00739853260455714,,,,,
cal_F_trans20000,Model Based,999,35,0.009809452715907385,,,,,
cal_F_trans20000,Model Based,999,36,0.005881483057748604,,,,,
cal_F_trans20000,Model Based,999,37,0.010437762246005677,,,,,
cal_F_trans20000,Model Based,999,38,0.006517190498302128,,,,,
cal_F_trans20000,Model Based,999,39,0.010626169045433953,,,,,
cal_F_trans20000,Model Based,999,40,0.011069939391655292,,,,,
cal_F_trans20000,Model Based,999,41,0.007828667699318226,,,,,
cal_F_trans20000,Model Based,999,42,0.006803488434627247,,,,,
cal_F_trans20000,Model Based,999,43,0.00698773640854522,,,,,
cal_F_trans20000,Model Based,999,44,0.004180959352518054,,,,,
cal_F_trans20000,Model Based,999,45,0.015554853654801692,,,,,
cal_F_trans20000,Model Based,999,46,0.00870955126927686,,,,,
cal_F_trans20000,Model Based,999,47,0.006181517273679327,,,,,
cal_F_trans20000,Model Based,999,48,0.004466317524931596,,,,,
cal_F_trans20000,Model Based,999,49,0.005077549188795549,,,,,
cal_F_trans20000,Model Based,999,50,0.013528362347353884,,,,,
cal_F_trans20000,Model Based,999,51,0.00573677234434411,,,,,
cal_F_trans20000,Model Based,999,52,0.008597082997693462,,,,,
cal_F_trans20000,Model Based,999,53,0.0037421936253824173,,,,,
cal_F_trans20000,Model Based,999,54,0.0027074972512193263,,,,,
cal_F_trans20000,Model Based,999,55,0.002819972926299874,,,,,
cal_F_trans20000,Model Based,999,56,0.008178194293095964,,,,,
cal_F_trans20000,Model Based,999,57,0.002479208887789408,,,,,
cal_F_trans20000,Model Based,999,58,0.014762354767634212,,,,,
cal_F_trans20000,Model Based,999,59,0.02005074743283808,,,,,
cal_F_trans20000,Model Based,999,60,0.012931318127993752,,,,,
cal_F_trans20000,Model Based,999,61,0.008384881279264178,,,,,
cal_F_trans20000,Model Based,999,62,0.006663814335243101,,,,,
cal_F_trans20000,Model Based,999,63,0.005203797997140991,,,,,
cal_F_trans20000,Model Based,999,64,0.004526825522181865,,,,,
cal_F_trans20000,Model Based,999,65,0.012700422809894363,,,,,
cal_F_trans20000,Model Based,999,66,0.004647510428636092,,,,,
cal_F_trans20000,Model Based,999,67,0.0037930072926229963,,,,,
cal_F_trans20000,Model Based,999,68,0.011749209619969447,,,,,
cal_F_trans20000,Model Based,999,69,0.004078691118308608,,,,,
cal_F_trans20000,Model Based,999,70,0.0032680710705863536,,,,,
cal_F_trans20000,Model Based,999,71,0.007674939549613846,,,,,
cal_F_trans20000,Model Based,999,72,0.004050450901921021,,,,,
cal_F_trans20000,Model Based,999,73,0.0032828981520351963,,,,,
cal_F_trans20000,Model Based,999,74,0.012568888354090979,,,,,
cal_F_trans20000,Model Based,999,75,0.00482762337201359,,,,,
cal_F_trans20000,Model Based,999,76,0.00790251585161772,,,,,
cal_F_trans20000,Model Based,999,77,0.0036803731441471532,,,,,
cal_F_trans20000,Model Based,999,78,0.004335069945947234,,,,,
cal_F_trans20000,Model Based,999,79,0.005977401080171252,,,,,
cal_F_trans20000,Model Based,999,80,0.001908323022448366,,,,,
cal_F_trans20000,Model Based,999,81,0.008903573218641714,,,,,
cal_F_trans20000,Model Based,999,82,0.0017706633317688403,,,,,
cal_F_trans20000,Model Based,999,83,0.00786917315516189,,,,,
cal_F_trans20000,Model Based,999,84,0.021759018090912075,,,,,
cal_F_trans20000,Model Based,999,85,0.003351165612731799,,,,,
cal_F_trans20000,Model Based,999,86,0.0011529160684600193,,,,,
cal_F_trans20000,Model Based,999,87,0.0010600445162765593,,,,,
cal_F_trans20000,Model Based,999,88,0.0035155769798679293,,,,,
cal_F_trans20000,Model Based,999,89,0.0011266252254570341,,,,,
cal_F_trans20000,Model Based,999,90,0.006896068736094385,,,,,
cal_F_trans20000,Model Based,999,91,0.0011724018425068872,,,,,
cal_F_trans20000,Model Based,999,92,0.009277438532239946,,,,,
cal_F_trans20000,Model Based,999,93,0.0051330867186486495,,,,,
cal_F_trans20000,Model Based,999,94,0.0024786336719543334,,,,,
cal_F_trans20000,Model Based,999,95,0.0015041407391803707,,,,,
cal_F_trans20000,Model Based,999,96,0.00102936671005871,,,,,
cal_F_trans20000,Model Based,999,97,0.0076410186791954215,,,,,
cal_F_trans20000,Model Based,999,98,0.00300724591043372,,,,,
cal_F_trans20000,Model Based,999,99,0.0012852962938627588,,,,,
cal_F_trans20000,Model Based,999,100,0.0007657978004612653,,,,,
cal_F_trans20000,Model Based,999,101,0.007218741467883927,,,,,
cal_F_trans20000,Model Based,999,102,0.0042301611858396315,,,,,
cal_F_trans20000,Model Based,999,103,0.005949250194527744,,,,,
cal_F_trans20000,Model Based,999,104,0.003723899119296492,,,,,
cal_F_trans20000,Model Based,999,105,0.004153806694744633,,,,,
cal_F_trans20000,Model Based,999,106,0.001824469954396779,,,,,
cal_F_trans20000,Model Based,999,107,0.0012903770177521423,,,,,
cal_F_trans20000,Model Based,999,108,0.001117582123819405,,,,,
cal_F_trans20000,Model Based,999,109,0.005041047381122987,,,,,
cal_F_trans20000,Model Based,999,110,0.0033885355593336053,,,,,
cal_F_trans20000,Model Based,999,111,0.002146792068569492,,,,,
cal_F_trans20000,Model Based,999,112,0.003474509114972324,,,,,
cal_F_trans20000,Model Based,999,113,0.00652708748132258,,,,,
cal_F_trans20000,Model Based,999,114,0.007705924287865318,,,,,
cal_F_trans20000,Model Based,999,115,0.002939691705594716,,,,,
cal_F_trans20000,Model Based,999,116,0.006129860496896455,,,,,
cal_F_trans20000,Model Based,999,117,0.002234145060227233,,,,,
cal_F_trans20000,Model Based,999,118,0.01147616687909847,,,,,
cal_F_trans20000,Model Based,999,119,0.004565489138901868,,,,,
cal_F_trans20000,Model Based,999,120,0.00637806261912266,,,,,
cal_F_trans20000,Model Based,999,121,0.001865202266239263,,,,,
cal_F_trans20000,Model Based,999,122,0.0009769309452440922,,,,,
cal_F_trans20000,Model Based,999,123,0.009826960628011583,,,,,
cal_F_trans20000,Model Based,999,124,0.003929919219070266,,,,,
cal_F_trans20000,Model Based,999,125,0.006431153307467685,,,,,
cal_F_trans20000,Model Based,999,126,0.0018735528505031684,,,,,
cal_F_trans20000,Model Based,999,127,0.001288192039954228,,,,,
cal_F_trans20000,Model Based,999,128,0.0009993179534009133,,,,,
cal_F_trans20000,Model Based,999,129,0.005600999467854861,,,,,
cal_F_trans20000,Model Based,999,130,0.0012609105847883884,,,,,
cal_F_trans20000,Model Based,999,131,0.006832604580242485,,,,,
cal_F_trans20000,Model Based,999,132,0.0009697658182191149,,,,,
cal_F_trans20000,Model Based,999,133,0.00928072799049362,,,,,
cal_F_trans20000,Model Based,999,134,0.004093565240434471,,,,,
cal_F_trans20000,Model Based,999,135,0.002141914013595314,,,,,
cal_F_trans20000,Model Based,999,136,0.0018872171207056088,,,,,
cal_F_trans20000,Model Based,999,137,0.00543827490930765,,,,,
cal_F_trans20000,Model Based,999,138,0.0015850626196792783,,,,,
cal_F_trans20000,Model Based,999,139,0.0011704714416638229,,,,,
cal_F_trans20000,Model Based,999,140,0.0009474726275170431,,,,,
cal_F_trans20000,Model Based,999,141,0.0009685696114217768,,,,,
cal_F_trans20000,Model Based,999,142,0.0008663607114348659,,,,,
cal_F_trans20000,Model Based,999,143,0.0009723420607755662,,,,,
cal_F_trans20000,Model Based,999,144,0.0010201004644300182,,,,,
cal_F_trans20000,Model Based,999,145,0.004012275555075384,,,,,
cal_F_trans20000,Model Based,999,146,0.004791993156214924,,,,,
cal_F_trans20000,Model Based,999,147,0.0025767729559248442,,,,,
cal_F_trans20000,Model Based,999,148,0.002485556192330707,,,,,
cal_F_trans20000,Model Based,999,149,0.0011856797427638455,,,,,
cal_F_trans20000,Model Based,999,150,0.0007533076361653235,,,,,
cal_F_trans20000,Model Based,999,151,0.002659647792900788,,,,,
cal_F_trans20000,Model Based,999,152,0.004632755371463959,,,,,
cal_F_trans20000,Model Based,999,153,0.0006369221745052833,,,,,
cal_F_trans20000,Model Based,999,154,0.0038596220733440045,,,,,
cal_F_trans20000,Model Based,999,155,0.0015258569753725526,,,,,
cal_F_trans20000,Model Based,999,156,0.00442254824002114,,,,,
cal_F_trans20000,Model Based,999,157,0.0008669016478114466,,,,,
cal_F_trans20000,Model Based,999,158,0.004071378895975641,,,,,
cal_F_trans20000,Model Based,999,159,0.004400349382546576,,,,,
cal_F_trans20000,Model Based,999,160,0.004200674322843323,,,,,
cal_F_trans20000,Model Based,999,161,0.0013745122779564856,,,,,
cal_F_trans20000,Model Based,999,162,0.0024101993272236943,,,,,
cal_F_trans20000,Model Based,999,163,0.004677920164825711,,,,,
cal_F_trans20000,Model Based,999,164,0.002355947157010041,,,,,
cal_F_trans20000,Model Based,999,165,0.0012248581184609586,,,,,
cal_F_trans20000,Model Based,999,166,0.000811572403389027,,,,,
cal_F_trans20000,Model Based,999,167,0.0004750463361136159,,,,,
cal_F_trans20000,Model Based,999,168,0.0003807126240464864,,,,,
cal_F_trans20000,Model Based,999,169,0.00034070961331389427,,,,,
cal_F_trans20000,Model Based,999,170,0.00045608829607934886,,,,,
cal_F_trans20000,Model Based,999,171,0.0037180720328007233,,,,,
cal_F_trans20000,Model Based,999,172,0.0034519494648271865,,,,,
cal_F_trans20000,Model Based,999,173,0.0011787366760865892,,,,,
cal_F_trans20000,Model Based,999,174,0.005733250182309191,,,,,
cal_F_trans20000,Model Based,999,175,0.0021190767701550484,,,,,
cal_F_trans20000,Model Based,999,176,0.0009333656124309586,,,,,
cal_F_trans20000,Model Based,999,177,0.0006306761093748392,,,,,
cal_F_trans20000,Model Based,999,178,0.0005659948366286138,,,,,
cal_F_trans20000,Model Based,999,179,0.0003211756717109715,,,,,
cal_F_trans20000,Model Based,999,180,0.0035106822977179486,,,,,
cal_F_trans20000,Model Based,999,181,0.0008311669994209847,,,,,
cal_F_trans20000,Model Based,999,182,0.0034290236084087433,,,,,
cal_F_trans20000,Model Based,999,183,0.00361659023323585,,,,,
cal_F_trans20000,Model Based,999,184,0.0053878218531874245,,,,,
cal_F_trans20000,Model Based,999,185,0.0020292547481286505,,,,,
cal_F_trans20000,Model Based,999,186,0.0036529701037752993,,,,,
cal_F_trans20000,Model Based,999,187,0.0011039619356690844,,,,,
cal_F_trans20000,Model Based,999,188,0.0013691106457928148,,,,,
cal_F_trans20000,Model Based,999,189,0.003335614941887388,,,,,
cal_F_trans20000,Model Based,999,190,0.0009376294419992659,,,,,
